{"BlurRotation":0.25,"MaxHeight":10,"Invert":false,"Threshold":0.5,"HeighGradient":{"serializedVersion":"2","key0":{"r":0.007787467911839485,"g":0.022223446518182756,"b":0.33018869161605837,"a":1.0},"key1":{"r":0.0,"g":1.0,"b":1.0,"a":1.0},"key2":{"r":0.27450981736183169,"g":0.8705882430076599,"b":0.0,"a":0.0},"key3":{"r":1.0,"g":0.501960813999176,"b":0.0,"a":0.0},"key4":{"r":1.0,"g":0.501960813999176,"b":0.0,"a":0.0},"key5":{"r":0.9803922176361084,"g":1.0,"b":0.16470588743686677,"a":0.0},"key6":{"r":0.5471698045730591,"g":0.5471698045730591,"b":0.5471698045730591,"a":0.0},"key7":{"r":1.0,"g":1.0,"b":1.0,"a":0.0},"ctime0":8815,"ctime1":21079,"ctime2":29893,"ctime3":39283,"ctime4":47522,"ctime5":58828,"ctime6":49151,"ctime7":65535,"atime0":0,"atime1":65535,"atime2":0,"atime3":0,"atime4":0,"atime5":0,"atime6":0,"atime7":0,"m_Mode":0,"m_NumColorKeys":6,"m_NumAlphaKeys":2},"AlwaysDrawBottomCube":true,"ColorTranslation":0.0,"ColorScaling":1.0,"VisualisationMethod":1}